Дата,Символ,Тип,Лот,Суап,Печалба,,Месец,Начално салдо,Цел,Разлика,Изпълнена
03/01/2025 11:37:15,EURUSD,sell,0.03,0.00, 2.39,,Януари 2025,1103,1280,177,FALSE
03/01/2025 11:56:20,GBPCHF,buy,0.03,0.00, 0.16,,Февруари 2025,1280,1546,267,FALSE
03/01/2025 16:08:34,EURUSD,sell,0.04,0.00,- 3.69,,Март 2025,1546,1552,5,FALSE
03/01/2025 17:22:49,AUDUSD,buy,0.03,0.00, 0.70,,Април 2025,1552,2172,621,FALSE
03/01/2025 17:28:51,EURGBP,sell,0.03,0.00,- 2.32,,Май 2025,2172,3041,869,FALSE
03/01/2025 17:36:12,AUDUSD,buy,0.04,0.00, 5.37,,Юни 2025,3041,4258,1216,FALSE
03/01/2025 22:12:38,GBPCHF,buy,0.04,0.00,- 11.79,,Юли 2025,4258,5961,1703,FALSE
06/01/2025 04:10:22,GBPCHF,sell,0.04, 0.35, 8.57,,Август 2025,5961,8345,2384,FALSE
06/01/2025 13:30:32,GBPCHF,sell,0.04,0.00, 0.55,,Септември 2025,8345,11683,3338,FALSE
06/01/2025 14:41:28,EURJPY,sell,0.04, 0.21, 28.69,,Октомври 2025,11683,16356,4673,FALSE
07/01/2025 17:20:00,EURUSD,buy,0.04,0.00, 11.45,,Ноември 2025,16356,22898,6542,FALSE
08/01/2025 10:09:09,GBPUSD,buy,0.04,- 0.24, 2.79,,Декември 2025,22898,32057,9159,FALSE
09/01/2025 10:19:25,EURUSD,buy,0.04, 0.41, 5.01,,,,,,
10/01/2025 15:30:22,EURUSD,buy,0.04, 0.57, 2.53,,,,,,
10/01/2025 15:30:27,EURUSD,buy,0.04,0.00, 22.25,,Месец,Начално салдо,Цел,Разлика,Изпълнена
10/01/2025 15:30:28,EURUSD,buy,0.04, 0.41, 49.18,,Януари 2025,1103,1280,177,FALSE
10/01/2025 15:56:54,EURUSD,buy,0.04, 0.49, 38.45,,Февруари 2025,1280,1546,267,FALSE
10/01/2025 16:07:34,USDJPY,sell,0.02,0.00, 8.88,,Март 2025,1546,1552,5,FALSE
10/01/2025 17:16:58,EURUSD,buy,0.02,0.00, 0.16,,Април 2025,1552,2017,465,FALSE
10/01/2025 16:07:34,USDJPY,sell,0.03, 1.69, 5.51,,Май 2025,2017,2622,605,FALSE
17/01/2025 16:21:58,EURUSD,buy,0.04, 0.41, 7.25,,Юни 2025,2622,3409,787,FALSE
20/01/2025 15:42:00,EURJPY,sell,0.04, 1.68, 2.08,,Юли 2025,3409,4431,1023,FALSE
21/01/2025 12:08:06,EURJPY,sell,0.04, 2.72,- 51.07,,Август 2025,4431,5761,1329,FALSE
21/01/2025 12:20:26,USDJPY,sell,0.04, 0.33, 5.98,,Септември 2025,5761,7489,1728,FALSE
22/01/2025 20:05:36,EURJPY,sell,0.04, 2.31, 7.63,,Октомври 2025,7489,9736,2247,FALSE
23/01/2025 11:54:11,EURUSD,buy,0.03,0.00,- 5.47,,Ноември 2025,9736,12657,2921,FALSE
28/01/2025 10:35:08,EURUSD,buy,0.04, 0.16, 13.92,,Декември 2025,12657,16454,3797,FALSE
28/01/2025 15:36:17,GBPCAD,buy,0.04,0.00, 2.74,,,,,,
28/01/2025 15:39:04,EURGBP,buy,0.04,0.00,- 3.72,,,,,,
28/01/2025 15:46:19,EURJPY,buy,0.04,0.00,- 6.42,,Месец,Начално салдо,Изпълнение,Разлика,Изпълнена
28/01/2025 16:35:51,GBPCAD,buy,0.04,0.00, 2.56,,Януари 2025,1103,1280,177,16.00%
28/01/2025 16:40:27,GBPCHF,buy,0.04,0.00, 3.39,,Февруари 2025,1280,1557,278,21.71%
28/01/2025 17:31:09,AUDUSD,buy,0.04,0.00,- 4.02,,Март 2025,1557,1550,-7,-0.46%
28/01/2025 18:09:39,EURGBP,buy,0.04,0.00, 1.00,,Април 2025,1550,1186,-364,-23.48%
28/01/2025 20:58:15,USDCAD,sell,0.04,0.00, 0.21,,Май 2025,1186,1186,,0.00%
28/01/2025 21:31:29,EURUSD,buy,0.04,0.00, 0.54,,Юни 2025,1186,1186,,0.00%
29/01/2025 02:30:07,AUDUSD,buy,0.04,- 0.08, 4.30,,Юли 2025,1186,1186,,0.00%
29/01/2025 05:57:34,EURUSD,buy,0.04,0.00,- 4.60,,Август 2025,1186,1186,,0.00%
29/01/2025 09:51:45,USDCAD,sell,0.04, 0.02, 3.22,,Септември 2025,1186,1186,,0.00%
29/01/2025 13:39:49,AUDUSD,sell,0.03,0.00,- 1.50,,Октомври 2025,1186,1186,,0.00%
29/01/2025 16:10:27,AUDUSD,buy,0.04,0.00, 2.42,,Ноември 2025,1186,1186,,0.00%
29/01/2025 16:10:40,EURUSD,buy,0.04,0.00, 4.31,,Декември 2025,1186,1186,,0.00%
29/01/2025 17:20:37,GBPUSD,sell,0.04,0.00, 3.31,,,,,,
29/01/2025 17:57:53,EURGBP,buy,0.04,0.00, 0.43,,,,,,
29/01/2025 18:29:30,EURCHF,buy,0.04,0.00,- 11.77,,,,,,
29/01/2025 20:45:29,EURGBP,buy,0.04,0.00, 2.15,,,,,,
29/01/2025 21:32:37,EURUSD,buy,0.04,0.00, 6.34,,,,,,
30/01/2025 10:08:48,GBPUSD,buy,0.04,- 0.37,- 22.84,,,,,,
30/01/2025 22:41:35,EURUSD,buy,0.04,0.00, 3.27,,,,,,
31/01/2025 11:38:24,EURUSD,buy,0.04, 0.32, 6.36,,,,,,
31/01/2025 12:46:09,EURJPY,sell,0.04,0.00, 0.75,,,,,,
31/01/2025 13:18:00,AUDUSD,buy,0.04,0.00, 0.12,,,,,,
31/01/2025 15:00:48,EURUSD,sell,0.04,0.00, 0.54,,,,,,
31/01/2025 16:12:14,GBPCAD,sell,0.04,0.00,- 0.05,,,,,,
31/01/2025 16:16:44,GBPCAD,sell,0.04,0.00, 3.29,,,,,,
31/01/2025 16:19:47,EURUSD,buy,0.04,0.00, 3.93,,,,,,
31/01/2025 17:14:54,AUDUSD,buy,0.04,0.00,- 3.90,,,,,,
31/01/2025 17:45:28,GBPCAD,buy,0.04,0.00, 7.00,,,,,,
31/01/2025 17:46:58,GBPCHF,sell,0.04,0.00, 0.25,,,,,,
31/01/2025 23:46:57,GBPCAD,sell,0.04,0.00, 3.87,,,,,,
31/01/2025 23:47:22,EURUSD,buy,0.04,0.00, 2.47,,,,,,
03/02/2025 00:03:09,EURUSD,buy,0.04, 1.61, 3.05,,,,,,
04/02/2025 15:44:42,AUDCAD,buy,0.03,0.00, 1.27,,,,,,
04/02/2025 15:52:46,CHFJPY,buy,0.04,0.00,- 7.00,,,,,,
04/02/2025 16:37:49,EURUSD,sell,0.04,0.00, 2.44,,,,,,
04/02/2025 17:00:08,EURGBP,buy,0.04,0.00,- 6.96,,,,,,
04/02/2025 17:00:10,EURCAD,buy,0.03,0.00, 1.47,,,,,,
04/02/2025 17:00:34,EURUSD,sell,0.04,0.00, 7.60,,,,,,
04/02/2025 17:02:12,USDCAD,buy,0.04,0.00, 5.10,,,,,,
04/02/2025 17:11:56,EURGBP,buy,0.04,0.00, 0.58,,,,,,
04/02/2025 18:30:50,USDCAD,buy,0.04,0.00, 11.07,,,,,,
04/02/2025 18:33:18,EURCAD,buy,0.04,0.00, 6.81,,,,,,
04/02/2025 18:39:42,EURUSD,sell,0.04,0.00, 3.04,,,,,,
05/02/2025 13:16:33,EURJPY,sell,0.04,0.00,- 1.79,,,,,,
05/02/2025 15:56:23,EURUSD,buy,0.05,0.00, 3.60,,,,,,
05/02/2025 15:57:55,USDCHF,sell,0.04,0.00, 2.21,,,,,,
05/02/2025 15:58:23,GBPCAD,buy,0.03,0.00, 3.13,,,,,,
05/02/2025 16:35:18,EURUSD,sell,0.04,0.00, 2.96,,,,,,
05/02/2025 16:43:28,USDCAD,buy,0.04,0.00, 2.13,,,,,,
05/02/2025 17:00:00,EURUSD,sell,0.04,0.00, 5.83,,,,,,
05/02/2025 17:00:28,USDJPY,buy,0.04,0.00, 11.68,,,,,,
05/02/2025 17:00:41,USDCHF,buy,0.05,0.00, 8.35,,,,,,
05/02/2025 17:06:29,EURJPY,buy,0.04,0.00, 3.27,,,,,,
05/02/2025 17:06:38,EURUSD,buy,0.05,0.00, 0.05,,,,,,
05/02/2025 17:07:04,USDCAD,buy,0.05,0.00,- 7.88,,,,,,
05/02/2025 17:33:57,EURCHF,buy,0.05,0.00, 0.80,,,,,,
05/02/2025 17:35:18,EURCHF,buy,0.05,0.00,- 1.33,,,,,,
05/02/2025 17:45:40,EURJPY,buy,0.05,0.00, 3.40,,,,,,
05/02/2025 17:45:48,EURCAD,buy,0.05,0.00, 3.96,,,,,,
05/02/2025 17:47:34,EURUSD,buy,0.05,0.00, 0.19,,,,,,
05/02/2025 18:01:55,USDJPY,buy,0.05,0.00, 4.32,,,,,,
05/02/2025 18:48:19,EURUSD,sell,0.05,0.00,- 8.74,,,,,,
05/02/2025 18:54:11,USDMXN,buy,0.04,0.00, 2.77,,,,,,
05/02/2025 19:15:47,EURCAD,buy,0.04,0.00,- 3.12,,,,,,
05/02/2025 19:15:48,EURUSD,sell,0.05,0.00,- 1.25,,,,,,
06/02/2025 13:53:23,USDMXN,sell,0.04,0.00,- 10.75,,,,,,
06/02/2025 13:59:24,USDJPY,buy,0.03,0.00, 3.17,,,,,,
06/02/2025 14:29:26,EURUSD,sell,0.04,0.00,- 3.24,,,,,,
06/02/2025 15:03:06,USDCHF,buy,0.04,0.00,- 3.45,,,,,,
06/02/2025 18:15:15,EURCAD,buy,0.03,0.00, 4.35,,,,,,
06/02/2025 18:16:34,EURCAD,buy,0.04,0.00, 7.92,,,,,,
06/02/2025 18:36:58,EURJPY,sell,0.03,0.00, 1.03,,,,,,
06/02/2025 19:13:00,USDJPY,sell,0.03,0.00,- 1.41,,,,,,
06/02/2025 20:34:22,USDJPY,buy,0.03,0.00, 6.31,,,,,,
06/02/2025 22:00:39,EURJPY,buy,0.03,0.00, 2.08,,,,,,
06/02/2025 23:42:03,GBPCHF,buy,0.02,0.00,- 1.04,,,,,,
06/02/2025 23:52:33,EURCAD,buy,0.03,0.00, 0.22,,,,,,
07/02/2025 13:16:43,USDJPY,sell,0.03,0.00, 0.84,,,,,,
07/02/2025 17:57:50,EURUSD,buy,0.03, 0.06, 6.15,,,,,,
11/02/2025 12:47:42,EURJPY,sell,0.03, 0.32, 1.78,,,,,,
11/02/2025 15:13:13,EURJPY,sell,0.03,0.00, 4.06,,,,,,
11/02/2025 15:16:05,USDCAD,sell,0.03,0.00,- 2.46,,,,,,
11/02/2025 18:06:54,EURJPY,sell,0.03,0.00, 4.51,,,,,,
11/02/2025 21:37:40,EURGBP,buy,0.03,0.00, 0.04,,,,,,
11/02/2025 21:39:54,AUDUSD,buy,0.03,0.00,- 2.03,,,,,,
11/02/2025 21:43:31,EURJPY,sell,0.03,0.00, 2.54,,,,,,
11/02/2025 22:33:47,EURJPY,buy,0.03,0.00,- 11.61,,,,,,
12/02/2025 07:16:29,EURJPY,sell,0.03, 0.48, 21.27,,,,,,
12/02/2025 07:16:47,USDJPY,sell,0.03, 0.25, 22.77,,,,,,
12/02/2025 11:03:07,EURUSD,sell,0.03,0.00,- 1.97,,,,,,
12/02/2025 11:14:57,USDCAD,sell,0.03,0.00, 2.18,,,,,,
12/02/2025 13:42:54,USDJPY,buy,0.03,0.00, 0.11,,,,,,
12/02/2025 13:42:57,USDCAD,buy,0.04,0.00, 3.67,,,,,,
12/02/2025 15:30:01,EURAUD,buy,0.04,0.00,- 6.02,,,,,,
12/02/2025 15:30:02,EURUSD,buy,0.03,0.00, 12.20,,,,,,
12/02/2025 15:48:59,USDJPY,sell,0.03,0.00, 11.09,,,,,,
12/02/2025 16:42:15,EURUSD,sell,0.04,0.00, 7.58,,,,,,
12/02/2025 16:51:44,EURJPY,sell,0.03,0.00, 5.00,,,,,,
12/02/2025 17:24:59,EURUSD,sell,0.04,0.00, 4.52,,,,,,
12/02/2025 17:42:50,EURUSD,sell,0.04,0.00, 5.59,,,,,,
12/02/2025 17:45:39,GBPUSD,sell,0.03,0.00, 4.13,,,,,,
12/02/2025 18:11:12,GBPUSD,buy,0.04,0.00, 6.14,,,,,,
12/02/2025 18:13:13,EURUSD,buy,0.04,0.00, 5.29,,,,,,
12/02/2025 18:44:04,EURAUD,buy,0.03,0.00, 2.27,,,,,,
12/02/2025 18:44:30,USDJPY,sell,0.03,0.00, 6.11,,,,,,
12/02/2025 18:51:12,EURUSD,sell,0.04,0.00, 5.13,,,,,,
12/02/2025 18:53:48,EURJPY,sell,0.04,0.00, 0.05,,,,,,
12/02/2025 18:55:42,EURUSD,sell,0.04,0.00, 1.16,,,,,,
12/02/2025 18:55:43,EURUSD,sell,0.04,0.00, 3.08,,,,,,
12/02/2025 18:56:47,EURUSD,sell,0.04,0.00, 2.31,,,,,,
13/02/2025 12:48:49,USDCAD,buy,0.04,0.00,- 2.36,,,,,,
13/02/2025 13:46:35,USDCAD,buy,0.04,0.00, 1.26,,,,,,
13/02/2025 13:46:43,EURAUD,buy,0.04,0.00, 0.31,,,,,,
13/02/2025 13:48:07,EURUSD,sell,0.04,0.00,- 8.00,,,,,,
13/02/2025 13:48:46,EURJPY,buy,0.04,0.00, 6.58,,,,,,
13/02/2025 13:52:43,EURUSD,buy,0.04,0.00, 0.77,,,,,,
13/02/2025 13:52:54,USDCAD,sell,0.04,0.00, 0.38,,,,,,
13/02/2025 14:09:56,EURAUD,buy,0.04,0.00, 2.00,,,,,,
13/02/2025 14:15:53,EURGBP,buy,0.04,0.00, 0.38,,,,,,
13/02/2025 15:00:42,EURJPY,buy,0.03,0.00, 2.25,,,,,,
13/02/2025 15:31:17,EURCAD,buy,0.04,0.00, 4.88,,,,,,
13/02/2025 15:31:21,EURUSD,buy,0.03,0.00, 2.86,,,,,,
13/02/2025 15:40:56,USDJPY,buy,0.04,0.00, 4.36,,,,,,
13/02/2025 17:03:34,EURCAD,buy,0.03,0.00,- 2.57,,,,,,
13/02/2025 17:17:40,EURUSD,sell,0.03,0.00, 7.13,,,,,,
13/02/2025 17:17:47,EURJPY,sell,0.04,0.00, 10.58,,,,,,
13/02/2025 17:18:20,AUDCHF,sell,0.04,0.00, 4.06,,,,,,
13/02/2025 17:25:13,EURCAD,buy,0.03,0.00, 1.26,,,,,,
13/02/2025 20:55:35,EURAUD,buy,0.04,0.00, 1.38,,,,,,
14/02/2025 11:16:35,EURUSD,sell,0.04,0.00, 0.15,,,,,,
14/02/2025 11:23:14,USDCHF,buy,0.04,0.00, 7.96,,,,,,
14/02/2025 12:06:51,USDJPY,sell,0.02,0.00,- 3.93,,,,,,
14/02/2025 13:32:44,EURCAD,buy,0.04,0.00,- 3.23,,,,,,
14/02/2025 13:40:22,EURJPY,buy,0.04,0.00,- 2.95,,,,,,
14/02/2025 13:46:05,EURAUD,buy,0.04,0.00, 2.62,,,,,,
14/02/2025 13:56:58,EURCAD,buy,0.04,0.00, 0.84,,,,,,
14/02/2025 15:40:03,USDCAD,buy,0.04,0.00, 2.34,,,,,,
14/02/2025 15:40:07,USDCHF,buy,0.04,0.00, 4.83,,,,,,
14/02/2025 15:42:36,USDCAD,buy,0.04,0.00, 0.05,,,,,,
14/02/2025 15:43:18,EURCAD,sell,0.04,0.00,- 0.70,,,,,,
14/02/2025 15:43:19,EURCAD,buy,0.04,0.00,- 1.64,,,,,,
14/02/2025 16:51:01,EURUSD,sell,0.03,0.00, 4.77,,,,,,
14/02/2025 19:05:20,EURCHF,buy,0.04,0.00, 0.42,,,,,,
14/02/2025 20:59:45,EURJPY,sell,0.02,0.00,- 1.96,,,,,,
14/02/2025 20:59:46,EURUSD,sell,0.04,0.00, 1.52,,,,,,
18/02/2025 12:45:30,EURGBP,sell,0.03,0.00, 1.63,,,,,,
18/02/2025 14:20:42,EURUSD,sell,0.03,0.00,- 3.79,,,,,,
18/02/2025 15:26:34,EURUSD,sell,0.03,0.00,- 2.84,,,,,,
18/02/2025 20:37:51,EURCHF,sell,0.03,0.00, 1.05,,,,,,
19/02/2025 12:22:46,EURUSD,buy,0.03, 0.06, 7.71,,,,,,
19/02/2025 12:49:37,EURCHF,buy,0.03,0.00, 1.69,,,,,,
19/02/2025 13:15:27,AUDCAD,buy,0.03,0.00, 0.36,,,,,,
19/02/2025 15:10:02,EURUSD,sell,0.03,0.00, 0.60,,,,,,
19/02/2025 19:07:21,GBPUSD,buy,0.03,0.00, 4.47,,,,,,
19/02/2025 19:07:26,EURUSD,buy,0.03,0.00, 4.35,,,,,,
19/02/2025 20:38:09,EURGBP,sell,0.03,0.00, 1.16,,,,,,
19/02/2025 21:19:45,USDJPY,buy,0.03,0.00, 3.82,,,,,,
19/02/2025 21:20:07,EURJPY,buy,0.04,0.00, 2.15,,,,,,
19/02/2025 21:21:08,USDJPY,buy,0.03,0.00, 4.71,,,,,,
19/02/2025 22:44:10,EURJPY,buy,0.05,0.00, 2.25,,,,,,
20/02/2025 12:12:39,EURUSD,buy,0.03, 0.18,- 9.54,,,,,,
20/02/2025 15:00:10,CHFJPY,buy,0.04,0.00, 5.80,,,,,,
20/02/2025 15:07:01,USDJPY,buy,0.03,0.00, 4.94,,,,,,
20/02/2025 15:17:18,EURUSD,buy,0.04,0.00,- 3.98,,,,,,
20/02/2025 17:01:46,EURJPY,buy,0.05,0.00, 7.58,,,,,,
20/02/2025 17:08:21,USDJPY,buy,0.05,0.00, 3.20,,,,,,
20/02/2025 17:08:30,CHFJPY,buy,0.05,0.00, 2.72,,,,,,
21/02/2025 02:27:20,USDJPY,buy,0.04,0.00,- 9.54,,,,,,
14/03/2025 13:06:36,EURJPY,sell,0.03, 4.54, 21.12,,,,,,
17/03/2025 17:27:24,USDJPY,buy,0.04,0.00, 5.37,,,,,,
17/03/2025 18:46:19,CHFJPY,buy,0.04,0.00,- 5.92,,,,,,
17/03/2025 18:51:29,EURJPY,buy,0.04,0.00,- 4.58,,,,,,
18/03/2025 10:11:25,EURJPY,sell,0.04, 0.15, 24.83,,,,,,
18/03/2025 12:45:37,EURUSD,buy,0.04,0.00, 3.00,,,,,,
18/03/2025 12:47:30,EURJPY,sell,0.04, 13.95,- 11.49,,,,,,
19/03/2025 12:41:37,EURJPY,sell,0.04,0.00, 4.78,,,,,,
19/03/2025 16:52:11,EURUSD,sell,0.04,0.00,- 7.13,,,,,,
24/03/2025 09:48:18,EURJPY,sell,0.04, 0.16, 4.61,,,,,,
24/03/2025 16:39:55,EURJPY,sell,0.04,0.00, 9.83,,,,,,
24/03/2025 22:42:06,EURJPY,sell,0.04,0.00, 5.41,,,,,,
25/03/2025 15:24:10,EURJPY,buy,0.04,0.00, 5.08,,,,,,
25/03/2025 16:15:43,EURUSD,buy,0.05,0.00, 6.11,,,,,,
25/03/2025 16:27:54,EURUSD,buy,0.05,0.00,- 1.53,,,,,,
25/03/2025 17:27:36,EURJPY,buy,0.05,0.00, 2.04,,,,,,
26/03/2025 05:32:39,EURJPY,sell,0.04,0.00, 10.72,,,,,,
26/03/2025 11:11:21,USDJPY,buy,0.04,0.00, 1.58,,,,,,
26/03/2025 12:05:18,EURJPY,buy,0.03,0.00, 0.22,,,,,,
26/03/2025 12:30:48,CHFJPY,sell,0.04,- 6.10,- 106.83,,,,,,
26/03/2025 15:24:20,EURUSD,buy,0.05,0.00, 8.59,,,,,,
26/03/2025 16:48:15,EURJPY,sell,0.04,0.00, 6.30,,,,,,
26/03/2025 17:57:02,USDZAR,sell,0.05,0.00,- 0.81,,,,,,
26/03/2025 18:19:30,EURUSD,buy,0.05,0.00, 2.09,,,,,,
26/03/2025 19:17:12,EURUSD,buy,0.05,0.00, 8.73,,,,,,
27/03/2025 03:16:13,EURUSD,buy,0.05, 0.30,- 4.23,,,,,,
27/03/2025 12:08:33,EURJPY,sell,0.05, 0.58, 6.68,,,,,,
27/03/2025 17:01:26,EURJPY,sell,0.04, 0.63, 2.31,,,,,,
28/03/2025 14:18:51,EURUSD,buy,0.05, 0.10, 6.78,,,,,,
31/03/2025 07:38:06,USDJPY,buy,0.04,0.00,- 6.56,,,,,,
31/03/2025 08:10:06,EURJPY,buy,0.04,0.00,- 5.99,,,,,,
31/03/2025 07:38:06,USDJPY,buy,0.04,0.00,- 6.56,,,,,,
31/03/2025 08:10:06,EURJPY,buy,0.04,0.00,- 5.99,,,,,,
01/04/2025 11:06:49,EURJPY,buy,0.05,0.00, 0.62,,,,,,
01/04/2025 15:26:13,EURUSD,buy,0.03, 0.12, 2.97,,,,,,
02/04/2025 10:09:08,USDJPY,buy,0.05,0.00, 4.30,,,,,,
02/04/2025 11:32:33,EURUSD,sell,0.05,0.00, 1.62,,,,,,
02/04/2025 13:16:14,EURJPY,buy,0.05,0.00, 3.66,,,,,,
02/04/2025 14:26:55,EURUSD,sell,0.05,0.00, 2.45,,,,,,
02/04/2025 14:26:55,USDJPY,buy,0.05,0.00, 2.45,,,,,,
02/04/2025 15:21:18,EURUSD,sell,0.05,0.00, 2.50,,,,,,
02/04/2025 15:29:36,USDJPY,buy,0.05,0.00, 3.04,,,,,,
02/04/2025 15:29:36,EURJPY,buy,0.05,0.00,- 2.82,,,,,,
02/04/2025 23:13:21,EURJPY,buy,0.05,0.00,- 7.84,,,,,,
02/04/2025 23:13:21,EURUSD,buy,0.05,0.00,- 10.99,,,,,,
02/04/2025 23:13:27,USDJPY,buy,0.05,0.00,- 6.89,,,,,,
02/04/2025 23:13:27,EURJPY,sell,0.04, 2.17, 11.64,,,,,,
02/04/2025 23:14:11,EURJPY,sell,0.03, 1.78, 7.65,,,,,,
02/04/2025 23:14:11,EURJPY,sell,0.05, 0.76, 24.51,,,,,,
02/04/2025 23:32:30,USDJPY,buy,0.05,0.00,- 11.91,,,,,,
02/04/2025 23:32:48,USDJPY,buy,0.05,0.00, 11.95,,,,,,
02/04/2025 23:38:57,EURJPY,buy,0.05,0.00, 16.83,,,,,,
02/04/2025 23:40:05,EURJPY,buy,0.06,0.00, 1.08,,,,,,
02/04/2025 23:45:55,EURUSD,sell,0.05,0.00,- 8.31,,,,,,
02/04/2025 23:45:55,EURJPY,buy,0.05,- 1.73, 0.71,,,,,,
03/04/2025 04:32:08,USDJPY,buy,0.09,0.00, 11.27,,,,,,
03/04/2025 04:43:11,USDJPY,buy,0.08,0.00, 6.36,,,,,,
03/04/2025 09:37:57,EURUSD,sell,0.08,0.00, 9.10,,,,,,
03/04/2025 11:25:21,USDJPY,buy,0.08,0.00, 11.78,,,,,,
03/04/2025 11:56:30,EURUSD,sell,0.08,0.00, 11.99,,,,,,
03/04/2025 12:07:21,EURUSD,sell,0.08,0.00, 8.49,,,,,,
03/04/2025 12:21:08,USDJPY,buy,0.08,0.00, 9.70,,,,,,
03/04/2025 12:29:31,USDJPY,buy,0.08,0.00, 4.85,,,,,,
03/04/2025 13:07:16,EURUSD,sell,0.08,0.00, 49.24,,,,,,
03/04/2025 13:13:59,EURUSD,sell,0.08,0.00,- 28.65,,,,,,
03/04/2025 13:30:32,USDJPY,buy,0.08,0.00,- 14.63,,,,,,
03/04/2025 14:47:12,EURUSD,sell,0.08,0.00, 3.90,,,,,,
03/04/2025 15:11:07,USDJPY,buy,0.08,0.00, 1.87,,,,,,
03/04/2025 15:20:16,USDJPY,buy,0.08,0.00, 21.35,,,,,,
03/04/2025 15:47:57,EURUSD,sell,0.08,0.00, 7.50,,,,,,
03/04/2025 16:05:27,EURUSD,sell,0.08,0.00, 4.54,,,,,,
03/04/2025 16:13:09,EURJPY,sell,0.05,0.00,- 14.28,,,,,,
04/04/2025 01:58:55,USDJPY,buy,0.08,- 1.46, 8.34,,,,,,
04/04/2025 02:01:11,USDJPY,buy,0.08,- 1.46,- 13.85,,,,,,
04/04/2025 02:04:27,EURUSD,sell,0.08,0.00,- 16.88,,,,,,
04/04/2025 02:20:49,USDJPY,buy,0.08,0.00, 17.79,,,,,,
04/04/2025 09:15:26,USDJPY,buy,0.08,0.00, 18.74,,,,,,
04/04/2025 13:30:32,USDJPY,buy,0.08,0.00, 0.65,,,,,,
04/04/2025 13:47:26,USDJPY,buy,0.08,0.00,- 0.70,,,,,,
04/04/2025 14:06:56,USDJPY,buy,0.08,0.00, 17.43,,,,,,
04/04/2025 14:16:43,USDJPY,buy,0.08,0.00,- 6.19,,,,,,
04/04/2025 15:05:59,USDJPY,buy,0.08,0.00,- 14.42,,,,,,
04/04/2025 15:31:26,USDJPY,buy,0.08,- 1.47, 8.79,,,,,,
07/04/2025 12:08:23,USDJPY,buy,0.08,0.00,- 15.64,,,,,,
07/04/2025 13:55:06,EURJPY,sell,0.08, 0.31, 13.73,,,,,,
07/04/2025 20:56:47,USDJPY,buy,0.06,- 1.10, 2.56,,,,,,
08/04/2025 10:35:28,EURJPY,buy,0.06,0.00, 9.09,,,,,,
08/04/2025 10:47:28,USDJPY,buy,0.06,0.00, 8.50,,,,,,
08/04/2025 10:50:44,USDJPY,buy,0.08,0.00,- 12.82,,,,,,
08/04/2025 11:03:57,USDJPY,buy,0.10,0.00, 12.61,,,,,,
08/04/2025 11:49:18,USDJPY,buy,0.08,0.00, 3.68,,,,,,
08/04/2025 13:03:51,EURJPY,buy,0.08,0.00, 10.25,,,,,,
08/04/2025 13:09:33,USDJPY,buy,0.08,0.00, 5.78,,,,,,
08/04/2025 13:26:37,EURUSD,sell,0.08,0.00, 4.90,,,,,,
08/04/2025 13:35:21,EURUSD,sell,0.08,0.00, 1.10,,,,,,
08/04/2025 16:26:50,USDJPY,sell,0.08,0.00, 12.17,,,,,,
08/04/2025 17:02:19,EURUSD,buy,0.08,0.00, 12.18,,,,,,
08/04/2025 17:31:45,EURJPY,buy,0.08,0.00, 0.30,,,,,,
08/04/2025 17:35:25,EURJPY,buy,0.08,0.00, 2.54,,,,,,
08/04/2025 17:45:41,USDJPY,buy,0.08,0.00, 2.64,,,,,,
08/04/2025 17:55:53,USDJPY,buy,0.08,0.00, 5.13,,,,,,
08/04/2025 18:13:21,EURJPY,buy,0.08,0.00, 3.04,,,,,,
08/04/2025 18:14:41,USDJPY,buy,0.08,0.00, 1.95,,,,,,
08/04/2025 18:14:42,USDJPY,buy,0.08,- 1.47, 1.35,,,,,,
09/04/2025 07:25:38,USDJPY,buy,0.08,0.00, 7.35,,,,,,
09/04/2025 07:28:22,EURUSD,sell,0.06,- 0.86, 7.32,,,,,,
09/04/2025 09:30:43,USDJPY,buy,0.08,0.00, 8.87,,,,,,
09/04/2025 09:44:39,USDJPY,buy,0.08,0.00, 14.77,,,,,,
09/04/2025 12:40:10,USDJPY,buy,0.08,0.00, 10.25,,,,,,
09/04/2025 13:32:54,USDJPY,buy,0.08,0.00, 6.41,,,,,,
09/04/2025 14:02:35,EURJPY,buy,0.08,0.00, 5.90,,,,,,
09/04/2025 15:19:50,EURUSD,sell,0.08,0.00, 12.86,,,,,,
09/04/2025 15:28:52,USDJPY,buy,0.08,0.00, 9.31,,,,,,
09/04/2025 16:20:41,USDJPY,buy,0.08,0.00, 5.86,,,,,,
09/04/2025 17:07:17,EURJPY,buy,0.08,0.00, 16.63,,,,,,
09/04/2025 17:51:39,USDJPY,buy,0.08,0.00, 10.42,,,,,,
09/04/2025 17:56:13,EURJPY,sell,0.08, 0.31, 13.46,,,,,,
09/04/2025 20:21:18,EURJPY,sell,0.08, 0.31, 0.75,,,,,,
09/04/2025 21:38:17,USDJPY,buy,0.04,- 2.19, 28.25,,,,,,
10/04/2025 08:41:05,USDJPY,buy,0.08,- 4.38, 8.04,,,,,,
10/04/2025 10:59:46,EURJPY,sell,0.08,0.00, 12.23,,,,,,
10/04/2025 12:01:14,USDJPY,buy,0.08,0.00, 28.42,,,,,,
10/04/2025 13:57:31,USDJPY,buy,0.08,0.00, 6.95,,,,,,
10/04/2025 15:16:42,USDJPY,buy,0.08,0.00, 17.04,,,,,,
10/04/2025 15:30:01,EURUSD,sell,0.08,- 3.44, 13.24,,,,,,
10/04/2025 16:59:19,EURUSD,sell,0.08,0.00, 0.29,,,,,,
10/04/2025 17:02:46,EURUSD,sell,0.08,0.00, 36.92,,,,,,
10/04/2025 18:00:03,USDJPY,buy,0.08,0.00, 6.83,,,,,,
10/04/2025 18:00:20,EURJPY,sell,0.08,0.00, 6.83,,,,,,
10/04/2025 18:34:52,EURJPY,sell,0.08,0.00, 5.59,,,,,,
10/04/2025 20:02:24,EURJPY,sell,0.08,0.00,- 7.62,,,,,,
10/04/2025 20:16:49,USDJPY,sell,0.04, 29.64,- 330.88,,,,,,
10/04/2025 20:36:07,USDJPY,sell,0.04, 18.46,- 229.35,,,,,,
10/04/2025 21:27:15,EURUSD,buy,0.05, 1.28,- 201.51,,,,,,
10/04/2025 21:30:22,EURJPY,sell,0.08,0.00,- 0.84,,,,,,
10/04/2025 22:57:49,EURUSD,buy,0.05, 1.38,- 196.52,,,,,,
10/04/2025 23:03:11,EURJPY,buy,0.08,- 2.77,- 117.80,,,,,,
10/04/2025 23:04:12,EURJPY,sell,0.06,0.00, 2.04,,,,,,
11/04/2025 01:26:34,EURUSD,sell,0.08,0.00, 9.54,,,,,,
11/04/2025 01:54:23,USDJPY,buy,0.08,0.00, 12.52,,,,,,
11/04/2025 02:51:59,EURJPY,sell,0.08,0.00, 13.14,,,,,,
11/04/2025 10:46:05,EURJPY,buy,0.08,0.00,- 7.78,,,,,,
11/04/2025 11:01:26,EURJPY,buy,0.08,0.00,- 10.59,,,,,,
11/04/2025 11:02:27,USDJPY,buy,0.05,0.00, 8.90,,,,,,
11/04/2025 11:05:12,EURUSD,sell,0.07,0.00, 15.08,,,,,,
11/04/2025 11:11:27,EURUSD,sell,0.08,0.00, 11.61,,,,,,
11/04/2025 11:25:16,EURUSD,sell,0.08,0.00, 23.98,,,,,,
11/04/2025 11:34:26,EURJPY,sell,0.08,0.00, 4.18,,,,,,
11/04/2025 11:38:41,USDJPY,buy,0.08,0.00, 20.37,,,,,,
11/04/2025 11:40:51,EURUSD,sell,0.08,0.00, 32.80,,,,,,
11/04/2025 11:54:33,EURJPY,sell,0.08,0.00, 1.52,,,,,,
11/04/2025 11:57:05,EURJPY,sell,0.08,0.00,- 18.07,,,,,,
11/04/2025 12:35:09,EURJPY,buy,0.08,0.00, 0.05,,,,,,
11/04/2025 12:38:11,EURUSD,sell,0.08,0.00, 2.10,,,,,,
11/04/2025 12:44:58,USDJPY,buy,0.08,0.00, 7.74,,,,,,
11/04/2025 12:53:12,EURUSD,buy,0.08,0.00, 19.72,,,,,,
11/04/2025 13:39:09,USDJPY,sell,0.06,0.00,- 0.07,,,,,,
11/04/2025 14:59:24,EURUSD,buy,0.05,0.00,- 4.10,,,,,,
11/04/2025 15:00:41,EURUSD,sell,0.07,0.00, 10.69,,,,,,
11/04/2025 16:12:48,USDJPY,buy,0.04,0.00, 4.44,,,,,,
11/04/2025 16:17:47,EURUSD,buy,0.05,0.00, 0.18,,,,,,
11/04/2025 16:23:05,EURJPY,sell,0.09,0.00, 2.05,,,,,,
11/04/2025 16:46:56,EURUSD,buy,0.08,0.00, 13.33,,,,,,
11/04/2025 16:48:14,EURJPY,sell,0.08,0.00, 1.23,,,,,,
11/04/2025 17:54:54,EURUSD,sell,0.05,0.00,- 52.92,,,,,,
11/04/2025 19:34:51,EURJPY,sell,0.08,0.00, 0.69,,,,,,
11/04/2025 20:38:12,USDJPY,buy,0.09,- 3.27,- 52.97,,,,,,
15/04/2025 22:46:59,EURJPY,buy,0.08,- 6.46,- 112.10,,,,,,
16/04/2025 11:18:05,AUDJPY,buy,0.05,0.00,- 7.79,,,,,,
16/04/2025 11:30:25,EURCAD,buy,0.05,0.00, 6.77,,,,,,
16/04/2025 11:40:17,EURCAD,buy,0.05,0.00, 2.50,,,,,,
16/04/2025 11:42:08,AUDJPY,sell,0.05,0.00, 6.05,,,,,,
16/04/2025 12:14:35,GBPUSD,buy,0.05,0.00, 0.84,,,,,,
16/04/2025 13:13:54,EURCHF,buy,0.05,0.00, 3.50,,,,,,
16/04/2025 14:43:03,GBPCHF,buy,0.07,0.00, 3.17,,,,,,
16/04/2025 15:00:59,AUDJPY,buy,0.07,0.00, 8.05,,,,,,
16/04/2025 16:01:06,GBPJPY,sell,0.07,0.00,- 6.23,,,,,,
16/04/2025 16:11:40,USDJPY,buy,0.07,0.00, 8.17,,,,,,
16/04/2025 16:25:31,GBPJPY,buy,0.07,0.00, 5.02,,,,,,
16/04/2025 17:02:08,GBPJPY,buy,0.07,0.00, 3.68,,,,,,
16/04/2025 17:13:43,AUDCHF,buy,0.07,0.00,- 12.69,,,,,,
16/04/2025 20:41:01,AUDCHF,buy,0.06,0.00, 1.03,,,,,,
16/04/2025 20:54:38,USDJPY,buy,0.09,0.00, 2.39,,,,,,
17/04/2025 07:30:27,EURCHF,buy,0.07,0.00,- 11.06,,,,,,
17/04/2025 09:55:19,CADCHF,buy,0.07,0.00,- 14.15,,,,,,
17/04/2025 11:03:25,GBPCHF,buy,0.05,0.00, 1.34,,,,,,
17/04/2025 11:40:52,EURCAD,sell,0.07,0.00, 2.04,,,,,,
17/04/2025 11:48:12,GBPCHF,buy,0.09,0.00, 0.19,,,,,,
17/04/2025 12:19:16,USDJPY,buy,0.09,0.00, 3.72,,,,,,
17/04/2025 13:15:24,GBPCHF,buy,0.09,0.00, 10.96,,,,,,
17/04/2025 13:47:11,GBPCHF,buy,0.07,0.00,- 7.99,,,,,,
17/04/2025 14:57:50,GBPCHF,buy,0.04,0.00,- 4.22,,,,,,
17/04/2025 15:03:03,EURUSD,buy,0.03,0.00, 5.27,,,,,,
17/04/2025 15:20:41,USDJPY,buy,0.07,0.00, 12.26,,,,,,
17/04/2025 16:43:29,USDJPY,buy,0.06,0.00, 1.52,,,,,,
17/04/2025 17:04:29,GBPCHF,buy,0.05,0.00, 4.25,,,,,,
17/04/2025 17:38:16,GBPCHF,sell,0.07,0.00, 6.83,,,,,,
17/04/2025 18:43:13,EURJPY,sell,0.06,0.00, 3.23,,,,,,
17/04/2025 19:00:21,GBPJPY,sell,0.03,0.00, 3.97,,,,,,
17/04/2025 19:28:29,EURJPY,sell,0.07,0.00, 4.20,,,,,,
17/04/2025 19:28:30,USDJPY,sell,0.02, 0.32,- 8.55,,,,,,
21/04/2025 00:10:13,EURUSD,sell,0.08,- 4.72, 12.64,,,,,,
21/04/2025 20:16:33,USDJPY,sell,0.03, 0.24,- 9.79,,,,,,
22/04/2025 10:40:16,EURCAD,buy,0.05,0.00, 4.82,,,,,,
22/04/2025 10:45:10,EURUSD,buy,0.02, 0.05, 4.67,,,,,,
22/04/2025 12:00:35,AUDCHF,buy,0.06,0.00, 2.19,,,,,,
22/04/2025 12:58:18,GBPJPY,sell,0.05,0.00,- 21.31,,,,,,
22/04/2025 13:30:57,CHFJPY,buy,0.05,0.00, 1.18,,,,,,
22/04/2025 13:48:23,CADCHF,buy,0.05,0.00,- 5.41,,,,,,
22/04/2025 13:55:31,EURUSD,sell,0.06,0.00,- 20.03,,,,,,
22/04/2025 15:05:08,EURUSD,sell,0.03,0.00,- 6.04,,,,,,
22/04/2025 15:36:32,EURUSD,sell,0.05,0.00,- 0.70,,,,,,
22/04/2025 15:42:56,USDJPY,buy,0.05,0.00,- 8.75,,,,,,
22/04/2025 15:50:34,EURCAD,sell,0.05,0.00,- 6.64,,,,,,
22/04/2025 15:50:39,EURCAD,buy,0.05,0.00, 4.19,,,,,,
22/04/2025 17:35:32,USDJPY,buy,0.05,0.00, 3.07,,,,,,
22/04/2025 17:37:02,EURUSD,sell,0.07,0.00, 4.21,,,,,,
22/04/2025 17:41:06,EURUSD,sell,0.07,0.00, 2.25,,,,,,
22/04/2025 17:54:23,EURUSD,sell,0.07,0.00, 2.62,,,,,,
22/04/2025 18:18:25,EURUSD,sell,0.07,0.00,- 7.02,,,,,,
22/04/2025 18:58:37,USDJPY,buy,0.07,0.00,- 12.35,,,,,,
22/04/2025 19:32:19,EURUSD,buy,0.07,0.00, 17.80,,,,,,
22/04/2025 20:44:24,EURUSD,sell,0.05,0.00, 0.57,,,,,,
22/04/2025 20:52:08,USDJPY,sell,0.03, 0.24, 20.30,,,,,,
23/04/2025 00:36:29,EURUSD,buy,0.05, 0.12, 39.50,,,,,,
23/04/2025 03:35:26,USDJPY,buy,0.06,0.00, 1.33,,,,,,
23/04/2025 03:48:52,EURUSD,sell,0.06,0.00, 1.21,,,,,,
23/04/2025 03:50:49,EURUSD,sell,0.06,0.00, 7.05,,,,,,
23/04/2025 12:00:21,EURUSD,sell,0.05,0.00, 7.83,,,,,,
23/04/2025 12:04:22,USDJPY,buy,0.05,0.00, 7.51,,,,,,
23/04/2025 12:20:59,USDJPY,buy,0.05,0.00,- 7.10,,,,,,
23/04/2025 12:50:40,EURCHF,sell,0.05,0.00, 5.27,,,,,,
23/04/2025 14:42:13,EURUSD,sell,0.07,0.00, 3.13,,,,,,
23/04/2025 14:45:33,USDJPY,buy,0.07,0.00, 12.47,,,,,,
23/04/2025 17:06:47,EURUSD,buy,0.05,0.00,- 7.84,,,,,,
23/04/2025 17:07:09,USDJPY,sell,0.05,0.00,- 12.63,,,,,,
23/04/2025 17:07:11,USDJPY,buy,0.07,0.00, 14.80,,,,,,
23/04/2025 17:18:39,EURUSD,sell,0.06,0.00, 9.29,,,,,,
24/04/2025 01:28:17,USDJPY,buy,0.05,0.00, 2.75,,,,,,
24/04/2025 10:24:05,EURUSD,sell,0.05,0.00, 12.00,,,,,,
24/04/2025 11:00:16,EURUSD,sell,0.07,0.00, 0.31,,,,,,
24/04/2025 11:22:32,USDJPY,buy,0.07,0.00,- 0.09,,,,,,
24/04/2025 12:07:18,USDJPY,buy,0.07,0.00, 2.03,,,,,,
24/04/2025 12:11:29,AUDCHF,sell,0.07,0.00,- 6.48,,,,,,
24/04/2025 12:52:50,EURUSD,sell,0.07,0.00, 0.25,,,,,,
24/04/2025 14:30:11,EURUSD,buy,0.05,0.00, 4.31,,,,,,
24/04/2025 15:02:13,EURJPY,buy,0.05,0.00, 3.58,,,,,,
24/04/2025 16:17:49,EURUSD,buy,0.06,0.00, 2.06,,,,,,
24/04/2025 18:15:55,EURUSD,buy,0.07,0.00, 7.52,,,,,,
24/04/2025 18:26:26,EURUSD,sell,0.07,0.00,- 3.76,,,,,,
24/04/2025 18:40:59,USDJPY,sell,0.05,0.00, 0.49,,,,,,
24/04/2025 18:52:21,EURUSD,sell,0.07,0.00, 5.05,,,,,,
24/04/2025 19:14:47,EURUSD,sell,0.07,0.00,- 2.83,,,,,,
24/04/2025 19:37:24,EURUSD,sell,0.07,0.00, 5.97,,,,,,
24/04/2025 20:03:14,EURUSD,sell,0.07,0.00,- 4.92,,,,,,
24/04/2025 20:03:15,USDJPY,buy,0.05,0.00,- 8.13,,,,,,
24/04/2025 22:30:55,EURUSD,buy,0.07, 0.17, 8.39,,,,,,
25/04/2025 04:08:31,EURUSD,buy,0.07, 0.17, 3.33,,,,,,
25/04/2025 07:34:47,USDJPY,buy,0.06,0.00,- 4.09,,,,,,
25/04/2025 07:49:18,USDJPY,sell,0.05,0.00, 0.52,,,,,,
25/04/2025 09:30:11,USDJPY,buy,0.07,0.00, 8.68,,,,,,
25/04/2025 09:39:07,EURUSD,sell,0.05,0.00, 7.09,,,,,,
25/04/2025 09:39:08,GBPUSD,sell,0.07,0.00, 5.37,,,,,,
25/04/2025 09:40:18,USDJPY,buy,0.07,0.00,- 7.94,,,,,,
25/04/2025 11:07:28,EURUSD,buy,0.04,0.00, 5.04,,,,,,
25/04/2025 16:13:36,EURCHF,sell,0.05,0.00,- 10.93,,,,,,
25/04/2025 16:24:25,EURCHF,buy,0.07,0.00, 2.67,,,,,,
25/04/2025 16:26:00,EURUSD,buy,0.05,0.00, 3.04,,,,,,
25/04/2025 16:34:33,EURCHF,sell,0.04,0.00, 1.06,,,,,,
25/04/2025 17:01:47,EURUSD,buy,0.05,0.00,- 14.95,,,,,,
25/04/2025 17:14:19,EURUSD,buy,0.07,0.00, 3.02,,,,,,
25/04/2025 17:21:50,USDJPY,buy,0.07,0.00, 4.93,,,,,,
25/04/2025 17:27:20,USDJPY,buy,0.07,0.00,- 9.50,,,,,,
25/04/2025 17:49:03,EURUSD,sell,0.07,0.00, 1.29,,,,,,
25/04/2025 17:49:56,USDJPY,sell,0.05,0.00, 3.76,,,,,,
25/04/2025 17:58:14,EURUSD,buy,0.07,0.00, 1.85,,,,,,
25/04/2025 18:45:21,USDJPY,buy,0.07,0.00, 1.03,,,,,,
25/04/2025 19:06:24,EURUSD,buy,0.06, 0.14, 10.74,,,,,,
28/04/2025 11:10:44,USDJPY,sell,0.05, 0.40,- 29.56,,,,,,
28/04/2025 17:36:18,EURUSD,buy,0.06,0.00,- 20.34,,,,,,
28/04/2025 17:36:51,EURUSD,sell,0.06,0.00, 12.41,,,,,,
28/04/2025 17:41:24,EURUSD,sell,0.06,0.00, 10.94,,,,,,
28/04/2025 17:41:28,USDJPY,buy,0.06,0.00, 16.16,,,,,,
28/04/2025 17:47:37,USDJPY,sell,0.04,0.00, 3.00,,,,,,
28/04/2025 18:02:12,EURUSD,buy,0.04,0.00, 4.57,,,,,,
28/04/2025 18:08:11,EURUSD,sell,0.05,0.00,- 4.97,,,,,,
28/04/2025 18:14:31,EURUSD,buy,0.05,0.00, 1.32,,,,,,
28/04/2025 18:22:18,USDJPY,buy,0.05,0.00, 0.80,,,,,,
29/04/2025 08:42:30,EURUSD,sell,0.05,0.00, 5.13,,,,,,
29/04/2025 11:10:03,EURUSD,sell,0.07,0.00,- 13.65,,,,,,
29/04/2025 11:13:20,EURUSD,buy,0.07,0.00, 6.76,,,,,,
29/04/2025 11:13:55,EURUSD,sell,0.07,0.00, 2.77,,,,,,
29/04/2025 11:54:10,USDJPY,sell,0.07,0.00, 1.94,,,,,,
29/04/2025 12:10:25,EURUSD,buy,0.07,0.00, 1.91,,,,,,
29/04/2025 14:15:23,GBPCHF,buy,0.05,0.00, 5.59,,,,,,
29/04/2025 15:45:50,USDCHF,buy,0.06,0.00, 7.10,,,,,,
29/04/2025 15:45:51,EURUSD,sell,0.07,0.00, 5.03,,,,,,
29/04/2025 15:55:27,USDJPY,sell,0.07,0.00,- 13.19,,,,,,
29/04/2025 15:57:07,GBPCHF,sell,0.06,0.00,- 12.08,,,,,,
29/04/2025 16:11:45,USDJPY,buy,0.07,0.00, 5.48,,,,,,
29/04/2025 16:15:57,GBPCHF,buy,0.07,0.00,- 7.38,,,,,,
29/04/2025 16:25:56,EURUSD,sell,0.07,0.00, 2.76,,,,,,
29/04/2025 16:39:22,USDJPY,buy,0.07,0.00, 1.60,,,,,,
29/04/2025 16:44:00,EURUSD,buy,0.07,0.00, 2.70,,,,,,
30/04/2025 10:51:05,EURUSD,buy,0.07,0.00, 5.42,,,,,,
30/04/2025 11:34:57,USDJPY,sell,0.07,0.00, 3.84,,,,,,
30/04/2025 16:05:23,EURUSD,buy,0.06,0.00, 14.76,,,,,,
30/04/2025 21:01:25,EURUSD,buy,0.07,0.00, 8.96,,,,,,
30/04/2025 23:02:50,USDJPY,sell,0.06,0.00, 3.74,,,,,,