Deals:,,,,,,,,,,,,
Open Time,Ticket,Type,Size,Item,Price,Order,Comment,,Entry,Commission,Swap,Profit
2025.06.02 03:15:44,17225593,buy,0.03,EURUSD,1.13708,79499712,,,in,0,0,0
2025.06.02 09:15:07,17226682,sell,0.05,USDJPY,143.299,79500836,,,in,0,0,0
2025.06.02 09:38:15,17226964,sell,0.05,USDJPY,143.152,79501116,,,in,0,0,0
2025.06.02 09:38:31,17226971,buy,0.03,USDJPY,143.163,79501123,,,out,0,-0.49,7.17
2025.06.02 09:39:27,17226979,sell,0.03,EURUSD,1.13989,79501131,,,out,0,-0.26,4
2025.06.02 09:39:35,17226981,buy,0.05,EURUSD,1.13989,79501133,,,in,0,0,0
2025.06.02 09:46:01,17227078,buy,0.05,USDJPY,143.174,79501227,,,out,0,0,3.83
2025.06.02 09:46:08,17227082,sell,0.03,EURUSD,1.14035,79501231,,,out,0,0,8.6
2025.06.02 10:20:15,17227553,sell,0.05,EURUSD,1.14161,79501710,[tp 1.14160],,out,0,0,7.53
2025.06.02 10:20:15,17227554,sell,0.07,USDJPY,143.073,79501711,[so 48.06%/384.77/800.62],,out,0,10.18,-218.8
2025.06.02 10:26:55,17227649,buy,0.05,EURUSD,1.14192,79501803,,,in,0,0,0
2025.06.02 10:27:17,17227653,sell,0.05,USDJPY,143.042,79501807,,,in,0,0,0
2025.06.02 10:35:35,17227731,buy,0.07,EURUSD,1.14177,79501883,,,in,0,0,0
2025.06.02 10:35:36,17227733,buy,0.07,EURUSD,1.14177,79501885,,,in,0,0,0
2025.06.02 11:09:58,17228183,buy,0.05,USDJPY,142.906,79502336,,,out,0,0,7.54
2025.06.02 11:10:01,17228185,buy,0.05,USDJPY,142.906,79502338,,,out,0,0,4.17
2025.06.02 11:10:23,17228188,sell,0.07,EURUSD,1.14224,79502341,,,out,0,0,2.88
2025.06.02 11:11:07,17228192,sell,0.07,EURUSD,1.14213,79502345,,,out,0,0,2.21
2025.06.02 11:11:50,17228202,sell,0.07,USDJPY,142.885,79502355,,,in,0,0,0
2025.06.02 11:27:21,17228341,buy,0.07,EURUSD,1.14142,79502364,,,in,0,0,0
2025.06.02 12:00:49,17228512,sell,0.07,USDJPY,142.9,79502670,,,in,0,0,0
2025.06.02 12:35:56,17229067,sell,0.05,EURUSD,1.14303,79503200,,,out,0,0,4.86
2025.06.02 12:43:47,17229121,sell,0.07,EURUSD,1.1431,79503253,,,out,0,0,10.29
2025.06.02 12:44:11,17229122,buy,0.07,EURUSD,1.14319,79503254,,,in,0,0,0
2025.06.02 12:54:35,17229201,buy,0.07,USDJPY,142.898,79503333,,,out,0,0,0.09
2025.06.02 13:27:03,17229429,buy,0.07,EURUSD,1.14263,79503563,,,in,0,0,0
2025.06.02 13:27:28,17229430,sell,0.07,USDJPY,142.753,79503564,,,in,0,0,0
2025.06.02 14:43:05,17230057,buy,0.07,USDJPY,142.707,79504193,,,out,0,0,7.65
2025.06.02 16:25:40,17230876,sell,0.07,EURUSD,1.14073,79505018,[sl 1.14074],,out,0,0,-15.1
2025.06.02 16:25:50,17230909,sell,0.07,EURUSD,1.14057,79505051,[sl 1.14057],,out,0,0,-12.64
2025.06.02 16:39:49,17231137,buy,0.07,USDJPY,143.052,79505283,,,out,0,0,-12.83
2025.06.02 16:40:30,17231149,sell,0.07,USDJPY,142.996,79505296,,,in,0,0,0
2025.06.02 16:43:10,17231189,buy,0.07,EURUSD,1.14133,79505336,,,in,0,0,0
2025.06.02 17:00:25,17231604,buy,0.07,EURUSD,1.143,79505751,,,in,0,0,0
2025.06.02 17:01:26,17231664,sell,0.07,USDJPY,142.679,79505811,,,in,0,0,0
2025.06.02 17:08:45,17231886,sell,0.07,EURUSD,1.14381,79506036,,,out,0,0,4.96
2025.06.02 17:09:35,17231897,buy,0.07,USDJPY,142.631,79506047,,,out,0,0,2.06
2025.06.02 17:10:20,17231903,buy,0.07,USDJPY,142.623,79506053,,,out,0,0,16
2025.06.02 17:12:01,17231939,sell,0.07,USDJPY,142.59,79506089,,,in,0,0,0
2025.06.02 17:12:36,17231948,sell,0.07,EURUSD,1.14378,79506099,,,out,0,0,14.99
2025.06.02 17:13:58,17231963,buy,0.07,EURUSD,1.14391,79506114,,,in,0,0,0
2025.06.02 18:01:39,17232397,sell,0.05,USDJPY,142.708,79506557,,,in,0,0,0
2025.06.02 22:55:00,17234377,buy,0.05,USDJPY,142.694,79508563,,,out,0,0,0.43
2025.06.02 22:55:07,17234378,sell,0.07,EURUSD,1.14418,79508564,,,out,0,0,1.65
2025.06.03 02:49:34,17234763,buy,0.03,EURUSD,1.14533,79508958,,,in,0,0,0
2025.06.03 04:34:31,17234925,buy,0.07,USDJPY,143.135,79509122,[sl 143.133],,out,0,-1.15,-23.32
2025.06.03 07:52:59,17235516,sell,0.03,USDJPY,142.938,79509728,,,in,0,0,0
2025.06.03 11:02:05,17236662,buy,0.03,USDJPY,142.854,79510881,,,out,0,0,1.55
2025.06.03 11:13:17,17236801,sell,0.03,USDJPY,142.783,79511020,,,in,0,0,0
2025.06.03 11:36:11,17236962,sell,0.03,USDJPY,142.71,79511185,,,in,0,0,0
2025.06.03 13:59:21,17237774,buy,0.03,USDJPY,143.075,79511999,,,out,0,0,-5.37
2025.06.03 14:03:18,17237792,sell,0.03,EURUSD,1.13971,79512017,,,out,0,0,-14.79
2025.06.03 16:39:25,17239350,buy,0.03,EURUSD,1.13952,79513563,,,in,0,0,0
2025.06.03 17:00:01,17239620,buy,0.03,USDJPY,143.756,79513833,[sl 143.751],,out,0,0,-19.2
2025.06.03 19:40:09,17241640,sell,0.03,EURUSD,1.13677,79515889,,,out,0,0,-7.26
2025.06.03 20:35:39,17241926,sell,0.05,USDJPY,143.868,79516181,,,in,0,0,0
2025.06.03 22:55:57,17242707,buy,0.05,USDJPY,144.079,79516962,,,out,0,0,-6.44
2025.06.04 00:59:49,17242934,buy,0.03,EURUSD,1.13774,79517186,,,in,0,0,0
2025.06.04 08:37:04,17243954,sell,0.03,EURUSD,1.13613,79518263,,,out,0,0,-4.25
2025.06.04 09:30:48,17244373,sell,0.03,USDJPY,143.937,79518681,,,in,0,0,0
2025.06.04 09:31:11,17244376,buy,0.03,EURUSD,1.13726,79518684,,,in,0,0,0
2025.06.04 10:57:26,17245090,sell,0.03,EURUSD,1.13865,79519403,,,out,0,0,3.66
2025.06.04 15:20:03,17247368,buy,0.03,EURUSD,1.14035,79521696,,,in,0,0,0
2025.06.04 15:21:22,17247417,sell,0.03,USDJPY,143.647,79521746,,,in,0,0,0
2025.06.04 15:24:17,17247498,buy,0.03,USDJPY,143.746,79521825,,,out,0,0,3.5
2025.06.04 17:03:36,17248974,buy,0.03,USDJPY,143.321,79523320,[tp 143.323],,out,0,0,5.98
2025.06.04 17:05:47,17249054,sell,0.05,USDJPY,143.195,79523401,,,in,0,0,0
2025.06.04 17:07:58,17249189,sell,0.03,EURUSD,1.14256,79523536,[tp 1.14256],,out,0,0,5.8
2025.06.04 17:10:57,17249364,buy,0.05,EURUSD,1.14252,79523707,,,in,0,0,0
2025.06.04 20:02:31,17251515,buy,0.05,USDJPY,142.687,79525895,,,out,0,0,15.57
2025.06.04 20:05:55,17251546,sell,0.05,USDJPY,142.657,79525926,,,in,0,0,0
2025.06.04 20:06:50,17251551,sell,0.05,EURUSD,1.14307,79525932,,,out,0,0,2.41
2025.06.04 20:07:20,17251556,buy,0.05,EURUSD,1.1432,79525937,,,in,0,0,0
2025.06.04 20:25:01,17251705,buy,0.05,USDJPY,142.781,79526091,,,out,0,0,-3.8
2025.06.04 22:51:39,17252394,sell,0.05,EURUSD,1.14127,79526790,,,out,0,0,-8.46
2025.06.04 22:51:43,17252395,buy,0.07,EURUSD,1.14135,79526791,[so 48.75%/361.49/741.58],,out,0,4.56,-207.54
2025.06.05 12:11:32,17255049,sell,0.05,USDJPY,143.23,79529483,,,in,0,0,0
2025.06.05 12:26:39,17255209,buy,0.05,EURUSD,1.14211,79529639,,,in,0,0,0
2025.06.05 15:30:12,17256690,sell,0.05,EURUSD,1.14391,79531121,[tp 1.14391],,out,0,0,7.87
2025.06.05 15:32:05,17256839,buy,0.03,EURUSD,1.14432,79531267,,,in,0,0,0
2025.06.05 15:32:10,17256842,buy,0.05,USDJPY,142.823,79531270,,,out,0,0,12.45
2025.06.05 15:33:42,17256865,sell,0.05,USDJPY,142.809,79531295,,,in,0,0,0
2025.06.05 15:50:08,17257217,buy,0.05,USDJPY,143.489,79531637,[sl 143.489],,out,0,0,-20.75
2025.06.05 16:09:24,17257752,sell,0.07,USDJPY,143.392,79532176,,,in,0,0,0
2025.06.05 16:12:13,17257939,sell,0.07,USDJPY,143.229,79532358,,,in,0,0,0
2025.06.05 16:30:24,17258692,sell,0.03,EURUSD,1.14866,79533116,,,out,0,0,11.33
2025.06.05 16:30:59,17258722,buy,0.07,USDJPY,143.128,79533149,,,out,0,0,4.3
2025.06.05 16:31:08,17258730,sell,0.03,USDJPY,143.088,79533157,,,in,0,0,0
2025.06.05 16:31:12,17258732,buy,0.07,USDJPY,143.083,79533159,,,out,0,0,13.16
2025.06.05 16:33:47,17258816,buy,0.03,EURUSD,1.14923,79533244,,,in,0,0,0
2025.06.05 16:34:45,17258831,sell,0.07,USDJPY,142.942,79533258,,,in,0,0,0
2025.06.05 17:05:48,17259471,buy,0.07,USDJPY,143.243,79533912,,,out,0,0,-12.83
2025.06.05 17:06:13,17259491,buy,0.03,USDJPY,143.254,79533931,,,out,0,0,-3.03
2025.06.05 18:06:03,17260558,sell,0.03,EURUSD,1.14431,79535011,[sl 1.14431],,out,0,0,-12.9
2025.06.06 17:11:43,17269672,buy,0.07,EURUSD,1.14058,79544253,,,in,0,0,0
2025.06.06 17:12:34,17269681,sell,0.07,USDJPY,144.851,79544262,,,in,0,0,0
2025.06.06 17:33:14,17270046,sell,0.07,EURUSD,1.14097,79544630,[sl 1.14099],,out,0,0,2.39
2025.06.06 17:33:19,17270048,buy,0.07,USDJPY,144.756,79544632,[sl 144.756],,out,0,0,4.03
2025.06.06 18:29:24,17270788,sell,0.07,USDJPY,144.867,79545390,,,in,0,0,0
2025.06.06 20:13:16,17271511,buy,0.07,EURUSD,1.1394,79546128,,,in,0,0,0
2025.06.06 22:30:22,17272232,buy,0.07,USDJPY,144.832,79546848,,,out,0,0,1.48
2025.06.06 22:30:27,17272233,sell,0.07,EURUSD,1.1399,79546849,,,out,0,0,3.07
2025.06.09 09:59:21,17273855,buy,0.07,EURUSD,1.14282,79548484,,,in,0,0,0
2025.06.09 09:59:42,17273858,sell,0.07,USDJPY,144.206,79548487,,,in,0,0,0
2025.06.09 14:34:14,17275422,sell,0.07,EURUSD,1.14065,79550067,[sl 1.14065],,out,0,0,-13.32
2025.06.09 14:42:31,17275477,buy,0.07,USDJPY,144.469,79550121,[sl 144.467],,out,0,0,-11.17
2025.06.09 14:52:37,17275581,buy,0.07,EURUSD,1.14124,79550221,,,in,0,0,0
2025.06.09 15:04:41,17275672,sell,0.07,USDJPY,144.467,79550309,,,in,0,0,0
2025.06.09 15:24:44,17275823,buy,0.07,USDJPY,144.563,79550461,[sl 144.563],,out,0,0,-4.08
2025.06.09 15:50:48,17276078,sell,0.07,EURUSD,1.13985,79550713,,,out,0,0,-8.54
2025.06.09 17:08:25,17276965,sell,0.07,USDJPY,144.592,79551619,,,in,0,0,0
2025.06.09 17:08:56,17276967,buy,0.07,EURUSD,1.1404,79551621,,,in,0,0,0
2025.06.09 17:33:43,17277409,sell,0.07,EURUSD,1.13951,79552060,[sl 1.13951],,out,0,0,-5.47
2025.06.09 18:06:36,17277852,buy,0.07,EURUSD,1.14135,79552504,,,in,0,0,0
2025.06.09 18:25:12,17278127,buy,0.07,USDJPY,144.471,79552775,,,out,0,0,5.14
2025.06.09 18:26:12,17278141,sell,0.07,USDJPY,144.451,79552790,,,in,0,0,0
2025.06.09 18:42:37,17278250,sell,0.07,EURUSD,1.14217,79552901,,,out,0,0,5.03
2025.06.09 18:43:18,17278257,buy,0.07,USDJPY,144.42,79552908,,,out,0,0,1.32
2025.06.09 18:48:33,17278282,sell,0.07,USDJPY,144.371,79552934,,,in,0,0,0
2025.06.09 18:49:27,17278290,buy,0.09,EURUSD,1.14242,79552943,,,in,0,0,0
2025.06.09 21:25:40,17279192,sell,0.09,EURUSD,1.14253,79553845,,,out,0,0,0.87
2025.06.10 00:02:02,17279792,buy,0.07,USDJPY,144.659,79554445,[sl 144.654],,out,0,-1.14,-12.22
2025.06.10 09:15:30,17281683,buy,0.07,EURUSD,1.14098,79556342,,,in,0,0,0
2025.06.10 10:07:14,17282232,sell,0.07,EURUSD,1.13835,79557100,[sl 1.13840],,out,0,0,-16.17
2025.06.10 10:36:09,17282706,buy,0.11,EURUSD,1.13957,79557570,,,in,0,0,0
2025.06.10 11:42:13,17283369,sell,0.11,EURUSD,1.14051,79558239,[tp 1.14050],,out,0,0,9.07
2025.06.10 11:45:23,17283429,buy,0.11,EURUSD,1.14068,79558303,,,in,0,0,0
2025.06.10 13:09:17,17284019,sell,0.11,EURUSD,1.14123,79558901,[sl 1.14123],,out,0,0,5.3
2025.06.10 16:46:24,17285638,sell,0.11,USDJPY,144.48,79560543,,,in,0,0,0
2025.06.10 16:46:53,17285643,buy,0.11,EURUSD,1.14456,79560548,,,in,0,0,0
2025.06.11 09:22:38,17290723,buy,0.11,USDJPY,145.205,79565719,,,out,0,-1.79,-48.11
2025.06.11 12:05:01,17291933,sell,0.11,USDJPY,145.045,79566932,,,in,0,0,0
2025.06.11 14:50:56,17293106,buy,0.11,USDJPY,145.293,79568095,[sl 145.291],,out,0,0,-16.43
2025.06.11 15:29:14,17293475,sell,0.11,USDJPY,145.225,79568463,,,in,0,0,0
2025.06.11 15:30:01,17293499,buy,0.11,USDJPY,145.394,79568488,[sl 145.354],,out,0,0,-11.2
2025.06.11 15:30:03,17293632,sell,0.11,USDJPY,144.717,79568613,,,in,0,0,0
2025.06.11 15:30:10,17293688,buy,0.11,USDJPY,144.777,79568665,,,out,0,0,-3.98
2025.06.11 15:30:14,17293705,sell,0.11,EURUSD,1.14677,79568681,,,out,0,-0.95,21.2
2025.06.11 15:30:41,17293821,buy,0.11,EURUSD,1.14682,79568797,,,in,0,0,0
2025.06.11 15:31:07,17293892,sell,0.11,USDJPY,144.662,79568867,,,in,0,0,0
2025.06.11 15:32:42,17294065,buy,0.03,EURUSD,1.1466,79569039,,,in,0,0,0
2025.06.11 15:33:06,17294108,sell,0.11,EURUSD,1.14722,79569082,,,out,0,0,3.84
2025.06.11 15:34:10,17294186,buy,0.11,USDJPY,144.595,79569159,,,out,0,0,4.44
2025.06.11 15:35:03,17294238,sell,0.03,USDJPY,144.449,79569210,,,in,0,0,0
2025.06.11 15:36:27,17294371,buy,0.07,EURUSD,1.14875,79569343,,,in,0,0,0
2025.06.11 15:37:17,17294430,buy,0.03,USDJPY,144.405,79569403,,,out,0,0,0.8
2025.06.11 15:37:29,17294441,sell,0.03,EURUSD,1.14846,79569415,,,out,0,0,4.86
2025.06.11 16:40:34,17296001,buy,0.02,EURUSD,1.14646,79570995,,,in,0,0,0
2025.06.11 16:41:48,17296022,sell,0.07,EURUSD,1.14617,79571016,,,out,0,0,-15.76
2025.06.11 17:01:53,17296458,sell,0.03,USDJPY,144.984,79571458,,,in,0,0,0
2025.06.11 17:08:04,17296608,buy,0.03,USDJPY,144.926,79571610,,,out,0,0,1.05
2025.06.11 17:08:49,17296627,sell,0.03,USDJPY,144.9,79571629,,,in,0,0,0
2025.06.11 17:10:25,17296668,sell,0.02,EURUSD,1.1471,79571668,,,out,0,0,1.12
2025.06.11 17:45:25,17297173,buy,0.02,EURUSD,1.14838,79572179,,,in,0,0,0
2025.06.11 18:02:44,17297335,buy,0.03,USDJPY,144.842,79572340,,,out,0,0,1.05
2025.06.11 18:41:48,17297945,buy,0.02,EURUSD,1.14904,79572950,,,in,0,0,0
2025.06.11 19:07:54,17298287,sell,0.02,EURUSD,1.14871,79573288,,,out,0,0,0.57
2025.06.12 03:40:35,17301269,sell,0.02,EURUSD,1.15136,79576287,[tp 1.15135],,out,0,-0.51,4.03
2025.06.12 04:49:27,17301500,buy,0.02,EURUSD,1.15232,79576512,,,in,0,0,0
2025.06.12 04:50:24,17301501,sell,0.02,USDJPY,143.847,79576513,,,in,0,0,0
2025.06.12 04:59:16,17301509,buy,0.02,USDJPY,143.966,79576521,,,out,0,0,-1.44
2025.06.12 05:41:28,17301581,sell,0.02,USDJPY,143.915,79576595,,,in,0,0,0
2025.06.12 09:49:42,17302635,buy,0.02,USDJPY,143.852,79577684,,,out,0,0,0.76
2025.06.12 12:45:32,17304564,sell,0.02,USDJPY,143.778,79579637,,,in,0,0,0
2025.06.12 12:45:56,17304570,buy,0.02,EURUSD,1.15556,79579643,,,in,0,0,0
2025.06.12 12:46:01,17304571,sell,0.02,EURUSD,1.15549,79579644,,,out,0,0,5.49
2025.06.12 12:53:42,17304697,buy,0.08,EURUSD,1.15709,79579768,,,in,0,0,0
2025.06.12 12:53:49,17304700,sell,0.02,EURUSD,1.15705,79579771,,,out,0,0,2.58
2025.06.12 12:53:56,17304746,buy,0.07,EURUSD,1.15818,79579814,[sl 1.15814],,out,0,6.28,-287.27
2025.06.12 12:54:00,17304763,sell,0.05,USDJPY,143.575,79579834,,,in,0,0,0
2025.06.12 12:54:19,17304811,sell,0.08,EURUSD,1.15771,79579881,,,out,0,0,4.28
2025.06.12 12:55:06,17304859,buy,0.04,EURUSD,1.15862,79579930,,,in,0,0,0
2025.06.12 12:56:09,17304903,buy,0.02,USDJPY,143.634,79579974,,,out,0,0,1.73
2025.06.12 13:01:12,17304987,sell,0.04,EURUSD,1.1569,79580059,,,out,0,0,-5.95
2025.06.12 13:01:20,17304988,buy,0.05,USDJPY,143.709,79580060,,,out,0,0,-4.03
2025.06.12 16:00:29,17307591,sell,0.04,USDJPY,143.256,79582663,,,in,0,0,0
2025.06.13 04:39:43,17312835,sell,0.04,USDJPY,142.986,79587904,,,in,0,0,0
2025.06.13 04:40:05,17312836,buy,0.04,USDJPY,143.015,79587905,,,out,0,-0.65,5.84
2025.06.13 06:16:17,17313184,buy,0.04,USDJPY,143.392,79588262,,,out,0,0,-9.82
2025.06.23 12:36:27,17378926,sell,0.07,USDJPY,147.832,79654164,,,out,0,18.2,74.79
2025.06.23 16:54:00,17382043,sell,0.04,USDJPY,147.212,79657249,,,in,0,0,0
2025.06.23 17:09:32,17382688,buy,0.04,USDJPY,147.005,79657878,,,out,0,0,4.89
2025.06.23 17:12:22,17382747,sell,0.05,USDJPY,146.868,79657941,,,in,0,0,0
2025.06.23 17:17:14,17382831,buy,0.05,USDJPY,146.865,79658029,[sl 146.862],,out,0,0,0.09
2025.06.23 17:33:28,17383243,sell,0.05,USDJPY,146.753,79658435,,,in,0,0,0
2025.06.23 18:00:48,17383752,buy,0.05,USDJPY,146.613,79658938,,,out,0,0,4.14
2025.06.23 18:03:49,17383781,sell,0.05,USDJPY,146.555,79658968,,,in,0,0,0
2025.06.23 18:32:41,17384215,buy,0.05,USDJPY,146.41,79659398,,,out,0,0,4.29
2025.06.24 01:32:11,17388815,sell,0.04,USDJPY,145.856,79664006,,,in,0,0,0
2025.06.24 08:57:40,17391005,buy,0.04,USDJPY,145.292,79666218,[tp 145.292],,out,0,0,13.37
2025.06.24 10:20:26,17391974,sell,0.04,USDJPY,145.025,79667195,,,in,0,0,0
2025.06.24 10:54:08,17392479,buy,0.04,USDJPY,145.364,79667705,[sl 145.363],,out,0,0,-8.05
2025.06.24 10:54:32,17392490,buy,0.04,USDJPY,145.403,79667716,,,in,0,0,0
2025.06.24 11:01:56,17392589,sell,0.04,USDJPY,145.241,79667821,,,in,0,0,0
2025.06.24 11:05:20,17392604,sell,0.04,USDJPY,145.241,79667839,#79667716 by #79667821,,out by,0,0,-3.85
2025.06.24 11:05:20,17392605,buy,0.04,USDJPY,145.403,79667839,#79667716 by #79667821,,out by,0,0,0
2025.06.24 11:05:20,17392606,sell,0.02,USDJPY,145.226,79667840,,,out,0,24.12,-134.49
2025.06.24 11:08:21,17392653,sell,0.04,USDJPY,145.183,79667890,,,in,0,0,0
2025.06.24 17:31:21,17396232,buy,0.04,USDJPY,144.602,79671502,,,out,0,0,13.82
2025.06.24 18:00:02,17396636,buy,0.05,USDJPY,144.749,79671911,,,in,0,0,0
2025.06.24 18:07:29,17396739,sell,0.05,USDJPY,144.629,79672012,,,in,0,0,0
2025.06.24 18:41:01,17397196,sell,0.05,USDJPY,144.797,79672476,,,out,0,0,1.43
2025.06.25 11:30:07,17400890,buy,0.05,USDJPY,145.469,79676347,[sl 145.469],,out,0,-0.8,-24.89
2025.06.25 12:15:32,17401213,buy,0.05,USDJPY,145.603,79676667,,,in,0,0,0
2025.06.25 15:57:36,17402480,sell,0.05,USDJPY,145.868,79677954,,,out,0,0,7.83
2025.06.25 17:34:03,17403853,sell,0.05,USDJPY,145.672,79679350,,,in,0,0,0
2025.06.25 19:16:51,17404780,buy,0.05,USDJPY,145.5,79680285,,,out,0,0,5.08
2025.06.25 19:27:31,17404843,sell,0.05,USDJPY,145.439,79680349,,,in,0,0,0
2025.06.25 22:55:41,17406555,buy,0.05,USDJPY,145.196,79682079,,,out,0,0,7.18
2025.06.25 22:58:39,17406565,buy,0.05,USDJPY,145.246,79682089,,,in,0,0,0
2025.06.26 09:40:21,17408614,sell,0.05,USDJPY,144.411,79684140,,,in,0,0,0
2025.06.26 09:44:10,17408628,buy,0.05,USDJPY,144.354,79684154,,,out,0,0,1.69
2025.06.26 11:03:54,17409441,sell,0.05,USDJPY,143.971,79684972,,,in,0,0,0
2025.06.26 11:26:20,17409730,buy,0.05,USDJPY,143.809,79685257,[tp 143.810],,out,0,0,4.8
2025.06.26 20:10:12,17414025,sell,0.05,USDJPY,144.135,79689633,,,in,0,0,0
2025.06.26 22:08:02,17414432,buy,0.05,USDJPY,144.338,79690046,,,out,0,0,-6.01
,,,,,,,,,,0,55.6,-818.33
,,,,,,,,,,Closed P/L:,,-762.73
,,,,,,,,,,Deposit/Withdrawal:,,0
,,,,,,,,,,Credit Facility:,,0
,,,,,,,,,,Round Commission:,,0
,,,,,,,,,,Instant Commission:,,0
,,,,,,,,,,Additional Operations:,,0
,,,,,,,,,,Total:,,-762.73
,,,,,,,,,,,,
Positions:,,,,,,,,,,,,
Open Time,Ticket,Type,Size,Item,Price,S / L,T / P,Market Price,,Swap,Profit,
2025.06.25 22:58:39,79682089,buy,0.05,USDJPY,145.246,142.383,146.133,143.991,,1.75,-36.97,
,,,,,,,,,,1.75,,-36.97
,,,,,,,,,,Floating P/L:,,-35.22